title,price,address
/loupan/p_syzcbixbj/,深业中城,//image1.ljcdn.com/newhcms/phpH3IcTt1470197977.png.592x432.jpg
/loupan/p_thhysjaaiis/,泰华海逸世家,//image1.ljcdn.com/newhcms/phpH3IcTt1470197977.png.592x432.jpg
/loupan/p_rczhdsbjbaa/,融创智汇大厦,//image1.ljcdn.com/newhcms/phpH3IcTt1470197977.png.592x432.jpg
/loupan/p_jjyjfbjbfb/,京基御景峯,//image1.ljcdn.com/newhcms/phpH3IcTt1470197977.png.592x432.jpg
/loupan/p_hgshcbjblg/,和谷山汇城,//image1.ljcdn.com/newhcms/phpH3IcTt1470197977.png.592x432.jpg
/loupan/p_hgshcbjbli/,和谷山汇城,//image1.ljcdn.com/newhcms/phpH3IcTt1470197977.png.592x432.jpg
/loupan/p_ljggbjfdg/,蓝郡公馆,//image1.ljcdn.com/newhcms/phpH3IcTt1470197977.png.592x432.jpg
/loupan/p_zzwadlfl/,中洲滨海华府二期,//image1.ljcdn.com/newhcms/phpH3IcTt1470197977.png.592x432.jpg
/loupan/p_tsqhsybildw/,唐商前海双悦,//image1.ljcdn.com/newhcms/phpH3IcTt1470197977.png.592x432.jpg
/loupan/p_rczhdsbilfj/,融创智汇大厦,//image1.ljcdn.com/newhcms/phpH3IcTt1470197977.png.592x432.jpg
/loupan/p_rczhdsbilpr/,融创智汇大厦,//image1.ljcdn.com/newhcms/phpH3IcTt1470197977.png.592x432.jpg
/loupan/p_aaiyy/,深圳湾公馆,//image1.ljcdn.com/newhcms/phpH3IcTt1470197977.png.592x432.jpg
/loupan/p_sytfgcbilwk/,深业泰富广场,//image1.ljcdn.com/newhcms/phpH3IcTt1470197977.png.592x432.jpg
/loupan/p_rczhdsbjgmc/,融创智汇大厦,//image1.ljcdn.com/newhcms/phpH3IcTt1470197977.png.592x432.jpg
/loupan/p_swyjlbjhtp/,深物业金领,//image1.ljcdn.com/newhcms/phpH3IcTt1470197977.png.592x432.jpg
/loupan/p_jzyelfbjhtt/,佳兆业E立方,//image1.ljcdn.com/newhcms/phpH3IcTt1470197977.png.592x432.jpg
/loupan/p_rhmgybjlox/,仁恒梦公园,//image1.ljcdn.com/newhcms/phpH3IcTt1470197977.png.592x432.jpg
/loupan/p_xfhbiren/,幸福荟,//image1.ljcdn.com/newhcms/phpH3IcTt1470197977.png.592x432.jpg
/loupan/p_sytfgcbivyq/,深业泰富广场,//image1.ljcdn.com/newhcms/phpH3IcTt1470197977.png.592x432.jpg
/loupan/p_rkhfbiwhw/,润科华府,//image1.ljcdn.com/newhcms/phpH3IcTt1470197977.png.592x432.jpg
/loupan/p_ljtxwxmaarye/,绿景天玺湾项目,//image1.ljcdn.com/newhcms/phpH3IcTt1470197977.png.592x432.jpg
/loupan/p_bszpqjgaakkr/,绿景白石洲,//image1.ljcdn.com/newhcms/phpH3IcTt1470197977.png.592x432.jpg
/loupan/p_syjyaaryk/,盛意家园,//image1.ljcdn.com/newhcms/phpH3IcTt1470197977.png.592x432.jpg
/loupan/p_yplshyaarzf/,御品峦山花园,//image1.ljcdn.com/newhcms/phpH3IcTt1470197977.png.592x432.jpg
/loupan/p_smycaavoz/,松茂御城,//image1.ljcdn.com/newhcms/phpH3IcTt1470197977.png.592x432.jpg
/loupan/p_hfdyaavpg/,豪方东园,//image1.ljcdn.com/newhcms/phpH3IcTt1470197977.png.592x432.jpg
/loupan/p_bfbcygcaavpj/,百分百创意广场,//image1.ljcdn.com/newhcms/phpH3IcTt1470197977.png.592x432.jpg
/loupan/p_ltmswaavrz/,联泰梅沙湾,//image1.ljcdn.com/newhcms/phpH3IcTt1470197977.png.592x432.jpg
/loupan/p_hrysrfbnbuy/,华润云上润府,//image1.ljcdn.com/newhcms/phpH3IcTt1470197977.png.592x432.jpg
/loupan/p_chzxrfbmzge/,超核中心润府,//image1.ljcdn.com/newhcms/phpH3IcTt1470197977.png.592x432.jpg
/loupan/p_xlybmpyu/,利联·星龙园,//image1.ljcdn.com/newhcms/phpH3IcTt1470197977.png.592x432.jpg
/loupan/p_dhggbmlel/,丹华公馆,//image1.ljcdn.com/newhcms/phpH3IcTt1470197977.png.592x432.jpg
/loupan/p_hdyxdsbmdtr/,御景荟都,//image1.ljcdn.com/newhcms/phpH3IcTt1470197977.png.592x432.jpg
/loupan/p_zhhylcbmsih/,中海寰宇珑宸,//image1.ljcdn.com/newhcms/phpH3IcTt1470197977.png.592x432.jpg
/loupan/p_zxtybjxch/,岗厦天元花园,//image1.ljcdn.com/newhcms/phpH3IcTt1470197977.png.592x432.jpg
/loupan/p_bsyhhyaavuj/,半山悦海花园,//image1.ljcdn.com/newhcms/phpH3IcTt1470197977.png.592x432.jpg
/loupan/p_hynjtxaavsa/,花样年家天下,//image1.ljcdn.com/newhcms/phpH3IcTt1470197977.png.592x432.jpg
/loupan/p_lsjcpqaavse/,龙胜尚府,//image1.ljcdn.com/newhcms/phpH3IcTt1470197977.png.592x432.jpg
/loupan/p_wfhyaavue/,万福花园,//image1.ljcdn.com/newhcms/phpH3IcTt1470197977.png.592x432.jpg
/loupan/p_hrybyfbmico/,鸿荣源博誉府,//image1.ljcdn.com/newhcms/phpH3IcTt1470197977.png.592x432.jpg
/loupan/p_qhjrzxafsvv/,前海金融中心,//image1.ljcdn.com/newhcms/phpH3IcTt1470197977.png.592x432.jpg
/loupan/p_undefinedaftgt/,东海国际公寓,//image1.ljcdn.com/newhcms/phpH3IcTt1470197977.png.592x432.jpg
/loupan/p_fchxjybjxev/,福城·前海新纪元,//image1.ljcdn.com/newhcms/phpH3IcTt1470197977.png.592x432.jpg
/loupan/p_hlcszxbjxkz/,华联城市中心,//image1.ljcdn.com/newhcms/phpH3IcTt1470197977.png.592x432.jpg
/loupan/p_hlcszxbjxla/,华联城市中心,//image1.ljcdn.com/newhcms/phpH3IcTt1470197977.png.592x432.jpg
/loupan/p_sbzbzbdsbjygs/,水贝珠宝总部大厦,//image1.ljcdn.com/newhcms/phpH3IcTt1470197977.png.592x432.jpg
/loupan/p_zzylxjbkasd/,龙华·上街,//image1.ljcdn.com/newhcms/phpH3IcTt1470197977.png.592x432.jpg
/loupan/p_yhcbjndg/,粤海城,//image1.ljcdn.com/newhcms/phpH3IcTt1470197977.png.592x432.jpg
/loupan/p_tpygyjgaavvn/,海智云谷,//image1.ljcdn.com/newhcms/phpH3IcTt1470197977.png.592x432.jpg
/loupan/p_ytmtljgxmaavxi/,益田御龙天地,//image1.ljcdn.com/newhcms/phpH3IcTt1470197977.png.592x432.jpg
/loupan/p_mhhyaavxn/,明辉花园,//image1.ljcdn.com/newhcms/phpH3IcTt1470197977.png.592x432.jpg
/loupan/p_lmsxlwaavxt/,莱蒙水榭蓝湾,//image1.ljcdn.com/newhcms/phpH3IcTt1470197977.png.592x432.jpg
/loupan/p_fcdsaayve/,富驰大厦,//image1.ljcdn.com/newhcms/phpH3IcTt1470197977.png.592x432.jpg
/loupan/p_hcyxaazsk/,华创云轩,//image1.ljcdn.com/newhcms/phpH3IcTt1470197977.png.592x432.jpg
/loupan/p_dhjgyhhbkclx/,德弘基·碧桂园·前海荟,//image1.ljcdn.com/newhcms/phpH3IcTt1470197977.png.592x432.jpg
/loupan/p_rkhfbkcmd/,润科华府,//image1.ljcdn.com/newhcms/phpH3IcTt1470197977.png.592x432.jpg
/loupan/p_hbmdhybkcmt/,汇邦名都花园,//image1.ljcdn.com/newhcms/phpH3IcTt1470197977.png.592x432.jpg
/loupan/p_qcdzdcbkcmv/,勤诚达正大城,//image1.ljcdn.com/newhcms/phpH3IcTt1470197977.png.592x432.jpg
/loupan/p_sctcabjnwa/,深城投中城花园,//image1.ljcdn.com/newhcms/phpH3IcTt1470197977.png.592x432.jpg
/loupan/p_tjjbjomk/,天健天骄北庐,//image1.ljcdn.com/newhcms/phpH3IcTt1470197977.png.592x432.jpg
/loupan/p_hqccxdsdbjomr/,华侨城创想大厦·云邸,//image1.ljcdn.com/newhcms/phpH3IcTt1470197977.png.592x432.jpg
/loupan/p_smwyhbjqgs/,世茂广场,//image1.ljcdn.com/newhcms/phpH3IcTt1470197977.png.592x432.jpg
/loupan/p_tzwxbjqib/,太子湾. 湾玺,//image1.ljcdn.com/newhcms/phpH3IcTt1470197977.png.592x432.jpg
/loupan/p_szjyswhcbjtfc/,深圳·国际影视文化城,//image1.ljcdn.com/newhcms/phpH3IcTt1470197977.png.592x432.jpg
/loupan/p_jlhyabafp/,君临海域•润之,//image1.ljcdn.com/newhcms/phpH3IcTt1470197977.png.592x432.jpg
/loupan/p_syscabbue/,深业上城,//image1.ljcdn.com/newhcms/phpH3IcTt1470197977.png.592x432.jpg
/loupan/p_qcfabdqk/,侨城坊,//image1.ljcdn.com/newhcms/phpH3IcTt1470197977.png.592x432.jpg
/loupan/p_hbmdhybjuis/,汇邦名都花园,//image1.ljcdn.com/newhcms/phpH3IcTt1470197977.png.592x432.jpg
/loupan/p_sctcabjviu/,深城投&中城AIO,//image1.ljcdn.com/newhcms/phpH3IcTt1470197977.png.592x432.jpg
/loupan/p_qhjrzxbjwqx/,前海金融中心,//image1.ljcdn.com/newhcms/phpH3IcTt1470197977.png.592x432.jpg
/loupan/p_tlcabdzy/,塘朗城,//image1.ljcdn.com/newhcms/phpH3IcTt1470197977.png.592x432.jpg
/loupan/p_jwhabena/,深湾汇云中心,//image1.ljcdn.com/newhcms/phpH3IcTt1470197977.png.592x432.jpg
/loupan/p_zyqhyhabfrv/,卓越前海壹号,//image1.ljcdn.com/newhcms/phpH3IcTt1470197977.png.592x432.jpg
/loupan/p_yyxgxeqabivf/,远洋新干线二期,//image1.ljcdn.com/newhcms/phpH3IcTt1470197977.png.592x432.jpg
/loupan/p_smqhzxabkmm/,世茂前海中心,//image1.ljcdn.com/newhcms/phpH3IcTt1470197977.png.592x432.jpg
/loupan/p_aaejz/,德弘天下华府,//image1.ljcdn.com/newhcms/phpH3IcTt1470197977.png.592x432.jpg
/loupan/p_zxhjgcabsau/,汇金天琅大厦,//image1.ljcdn.com/newhcms/phpH3IcTt1470197977.png.592x432.jpg
/loupan/p_bstabsaw/,宝树台,//image1.ljcdn.com/newhcms/phpH3IcTt1470197977.png.592x432.jpg
/loupan/p_xdthjzfacpbv/,信达金尊府,//image1.ljcdn.com/newhcms/phpH3IcTt1470197977.png.592x432.jpg
/loupan/p_zxtyaaher/,中心天元,//image1.ljcdn.com/newhcms/phpH3IcTt1470197977.png.592x432.jpg
/loupan/p_sclhzxbklac/,首创龙华中心,//image1.ljcdn.com/newhcms/phpH3IcTt1470197977.png.592x432.jpg
/loupan/p_hsyhcbklkn/,晗山悦海,//image1.ljcdn.com/newhcms/phpH3IcTt1470197977.png.592x432.jpg
/loupan/p_ycmtbklmb/,颐翠名庭,//image1.ljcdn.com/newhcms/phpH3IcTt1470197977.png.592x432.jpg
/loupan/p_jrxsyjybklmc/,今日香沙御景园,//image1.ljcdn.com/newhcms/phpH3IcTt1470197977.png.592x432.jpg
/loupan/p_zbjbhctbklmo/,碧湖春天,//image1.ljcdn.com/newhcms/phpH3IcTt1470197977.png.592x432.jpg
/loupan/p_hrqhdsbkmia/,华润前海大厦,//image1.ljcdn.com/newhcms/phpH3IcTt1470197977.png.592x432.jpg
/loupan/p_hmONEbkmkl/,恒明ONE,//image1.ljcdn.com/newhcms/phpH3IcTt1470197977.png.592x432.jpg
/loupan/p_hjtcgcbkmnu/,合景同创广场,//image1.ljcdn.com/newhcms/phpH3IcTt1470197977.png.592x432.jpg
/loupan/p_hyszwbkmqv/,恒裕深圳湾,//image1.ljcdn.com/newhcms/phpH3IcTt1470197977.png.592x432.jpg
/loupan/p_fjzdgcbknbj/,富基置地广场,//image1.ljcdn.com/newhcms/phpH3IcTt1470197977.png.592x432.jpg
/loupan/p_mjhyxhybkrbb/,满京华云曦花园,//image1.ljcdn.com/newhcms/phpH3IcTt1470197977.png.592x432.jpg
/loupan/p_byhdsbksks/,贝悦汇大厦,//image1.ljcdn.com/newhcms/phpH3IcTt1470197977.png.592x432.jpg
/loupan/p_ztyadsbksmd/,中通永安大厦,//image1.ljcdn.com/newhcms/phpH3IcTt1470197977.png.592x432.jpg
/loupan/p_zyydsbktxl/,紫元元大厦,//image1.ljcdn.com/newhcms/phpH3IcTt1470197977.png.592x432.jpg
/loupan/p_dgjfbktyz/,东关珺府,//image1.ljcdn.com/newhcms/phpH3IcTt1470197977.png.592x432.jpg
/loupan/p_wkxcbkuvi/,万科星城,//image1.ljcdn.com/newhcms/phpH3IcTt1470197977.png.592x432.jpg
/loupan/p_cxzhgbkvwt/,创新智慧港,//image1.ljcdn.com/newhcms/phpH3IcTt1470197977.png.592x432.jpg
/loupan/p_smqhzxbkvxf/,世茂前海中心,//image1.ljcdn.com/newhcms/phpH3IcTt1470197977.png.592x432.jpg
/loupan/p_jjyjsddsbkwfs/,京基御景时代大厦,//image1.ljcdn.com/newhcms/phpH3IcTt1470197977.png.592x432.jpg
/loupan/p_jjyjzybkwfv/,京基御景中央,//image1.ljcdn.com/newhcms/phpH3IcTt1470197977.png.592x432.jpg
/loupan/p_hlgwhfyhbknty/,欢乐港湾•海府一号,//image1.ljcdn.com/newhcms/phpH3IcTt1470197977.png.592x432.jpg
/loupan/p_hzwnabkoab/,会展湾南岸,//image1.ljcdn.com/newhcms/phpH3IcTt1470197977.png.592x432.jpg
/loupan/p_yjjfgcbkokv/,阳基九方广场,//image1.ljcdn.com/newhcms/phpH3IcTt1470197977.png.592x432.jpg
/loupan/p_hdtjbkpdg/,恒大天璟,//image1.ljcdn.com/newhcms/phpH3IcTt1470197977.png.592x432.jpg
/loupan/p_hqwhbkpdh/,华强湾荟,//image1.ljcdn.com/newhcms/phpH3IcTt1470197977.png.592x432.jpg
/loupan/p_jyxbkpef/,璟悦轩小巨蛋,//image1.ljcdn.com/newhcms/phpH3IcTt1470197977.png.592x432.jpg
/loupan/p_qhjrzxbkpqg/,前海金融中心,//image1.ljcdn.com/newhcms/phpH3IcTt1470197977.png.592x432.jpg
/loupan/p_lhjmfbkpsm/,龙华金茂府,//image1.ljcdn.com/newhcms/phpH3IcTt1470197977.png.592x432.jpg
/loupan/p_qcdzdcbkpzl/,勤诚达正大城,//image1.ljcdn.com/newhcms/phpH3IcTt1470197977.png.592x432.jpg
/loupan/p_zxtybkqme/,岗厦天元花园,//image1.ljcdn.com/newhcms/phpH3IcTt1470197977.png.592x432.jpg
/loupan/p_jfxjdbkwtu/,建发璟悦轩,//image1.ljcdn.com/newhcms/phpH3IcTt1470197977.png.592x432.jpg
/loupan/p_nglsbgzzxbkxfw/,岁宝国展中心,//image1.ljcdn.com/newhcms/phpH3IcTt1470197977.png.592x432.jpg
/loupan/p_tsdsbkxkv/,唐商大厦,//image1.ljcdn.com/newhcms/phpH3IcTt1470197977.png.592x432.jpg
/loupan/p_dffymybkxmv/,东方凤雅名苑,//image1.ljcdn.com/newhcms/phpH3IcTt1470197977.png.592x432.jpg
/loupan/p_hzwsabkyce/,会展湾水岸,//image1.ljcdn.com/newhcms/phpH3IcTt1470197977.png.592x432.jpg
/loupan/p_sdjhwldsbkyok/,盛迪嘉海湾里大厦,//image1.ljcdn.com/newhcms/phpH3IcTt1470197977.png.592x432.jpg
/loupan/p_xytbkzhs/,玺悦台,//image1.ljcdn.com/newhcms/phpH3IcTt1470197977.png.592x432.jpg
/loupan/p_ftjyggbkzkm/,富通九曜公馆,//image1.ljcdn.com/newhcms/phpH3IcTt1470197977.png.592x432.jpg
/loupan/p_thszyzbkznd/,泰禾深圳院子,//image1.ljcdn.com/newhcms/phpH3IcTt1470197977.png.592x432.jpg
/loupan/p_thszyzbkznh/,泰禾深圳院子,//image1.ljcdn.com/newhcms/phpH3IcTt1470197977.png.592x432.jpg
/loupan/p_tzwswgcbkcud/,LKF852太子湾,//image1.ljcdn.com/newhcms/phpH3IcTt1470197977.png.592x432.jpg
/loupan/p_ywfbkgdj/,前海颐湾府,//image1.ljcdn.com/newhcms/phpH3IcTt1470197977.png.592x432.jpg
/loupan/p_qgcbkgdr/,保利青谷,//image1.ljcdn.com/newhcms/phpH3IcTt1470197977.png.592x432.jpg
/loupan/p_jzyjswbkikm/,佳兆业金沙湾,//image1.ljcdn.com/newhcms/phpH3IcTt1470197977.png.592x432.jpg
/loupan/p_jzyjswbkikn/,佳兆业金沙湾,//image1.ljcdn.com/newhcms/phpH3IcTt1470197977.png.592x432.jpg
/loupan/p_rybkjbl/,荣寓,//image1.ljcdn.com/newhcms/phpH3IcTt1470197977.png.592x432.jpg
/loupan/p_hhrxbkjeg/,华晖瑞禧,//image1.ljcdn.com/newhcms/phpH3IcTt1470197977.png.592x432.jpg
/loupan/p_lzwbkjmf/,太 子湾商务广场,//image1.ljcdn.com/newhcms/phpH3IcTt1470197977.png.592x432.jpg
/loupan/p_hzwzggcbkkln/,会展湾·中港广场,//image1.ljcdn.com/newhcms/phpH3IcTt1470197977.png.592x432.jpg
/loupan/p_sclhzxbklaa/,首创龙华中心,//image1.ljcdn.com/newhcms/phpH3IcTt1470197977.png.592x432.jpg
/loupan/p_bnggblafi/,宝能公馆,//image1.ljcdn.com/newhcms/phpH3IcTt1470197977.png.592x432.jpg
/loupan/p_tjggblaic/,天玑公馆,//image1.ljcdn.com/newhcms/phpH3IcTt1470197977.png.592x432.jpg
/loupan/p_bgychgjblbba/,碧桂园翠湖大厦,//image1.ljcdn.com/newhcms/phpH3IcTt1470197977.png.592x432.jpg
/loupan/p_bgychgjblbbb/,碧桂园翠湖国际,//image1.ljcdn.com/newhcms/phpH3IcTt1470197977.png.592x432.jpg
/loupan/p_shtcjyblbcm/,盛合天宸家园,//image1.ljcdn.com/newhcms/phpH3IcTt1470197977.png.592x432.jpg
/loupan/p_zfhlmblblc/,中房·翰林门,//image1.ljcdn.com/newhcms/phpH3IcTt1470197977.png.592x432.jpg
/loupan/p_htsmyxblcac/,皇庭世茂裕玺,//image1.ljcdn.com/newhcms/phpH3IcTt1470197977.png.592x432.jpg
/loupan/p_rhxmgybldot/,仁恒芯梦公园,//image1.ljcdn.com/newhcms/phpH3IcTt1470197977.png.592x432.jpg
/loupan/p_zywlbyfptzzblgqe/,卓越蔚蓝铂樾府,//image1.ljcdn.com/newhcms/phpH3IcTt1470197977.png.592x432.jpg
/loupan/p_jsmjblcwl/,锦顺名居,//image1.ljcdn.com/newhcms/phpH3IcTt1470197977.png.592x432.jpg
/loupan/p_hynxhhsgblcwp/,花样年•好时光,//image1.ljcdn.com/newhcms/phpH3IcTt1470197977.png.592x432.jpg
/loupan/p_jsdsbldne/,云境尚邸,//image1.ljcdn.com/newhcms/phpH3IcTt1470197977.png.592x432.jpg
/loupan/p_hmONEbledi/,恒明ONE,//image1.ljcdn.com/newhcms/phpH3IcTt1470197977.png.592x432.jpg
/loupan/p_ztzfblele/,中泰印邸,//image1.ljcdn.com/newhcms/phpH3IcTt1470197977.png.592x432.jpg
/loupan/p_xyjysjblelm/,信义君御山居,//image1.ljcdn.com/newhcms/phpH3IcTt1470197977.png.592x432.jpg
/loupan/p_xsjsfmybleos/,新世界·松风明月,//image1.ljcdn.com/newhcms/phpH3IcTt1470197977.png.592x432.jpg
/loupan/p_jjsbhhybleuk/,京基水贝城市广场,//image1.ljcdn.com/newhcms/phpH3IcTt1470197977.png.592x432.jpg
/loupan/p_jxyfggblgso/,嘉信云峰公馆,//image1.ljcdn.com/newhcms/phpH3IcTt1470197977.png.592x432.jpg
/loupan/p_sbypyblgtj/,岁宝壹品,//image1.ljcdn.com/newhcms/phpH3IcTt1470197977.png.592x432.jpg
/loupan/p_rhmgyblgwu/,仁恒梦公园·星街,//image1.ljcdn.com/newhcms/phpH3IcTt1470197977.png.592x432.jpg
/loupan/p_jrxsyjyblhib/,今日香沙御景园,//image1.ljcdn.com/newhcms/phpH3IcTt1470197977.png.592x432.jpg
/loupan/p_sbypyblhvd/,岁宝壹品苑,//image1.ljcdn.com/newhcms/phpH3IcTt1470197977.png.592x432.jpg
/loupan/p_mfgmxblfzc/,明发悦庭,//image1.ljcdn.com/newhcms/phpH3IcTt1470197977.png.592x432.jpg
/loupan/p_fjzdgcblgdh/,富基置地大厦,//image1.ljcdn.com/newhcms/phpH3IcTt1470197977.png.592x432.jpg
/loupan/p_fjzdgcblgdk/,富基置地大厦,//image1.ljcdn.com/newhcms/phpH3IcTt1470197977.png.592x432.jpg
/loupan/p_blich/,万科珑城原点,//image1.ljcdn.com/newhcms/phpH3IcTt1470197977.png.592x432.jpg
/loupan/p_wkqcblieb/,万科启城家园,//image1.ljcdn.com/newhcms/phpH3IcTt1470197977.png.592x432.jpg
/loupan/p_zshgwblieg/,中晟会港湾,//image1.ljcdn.com/newhcms/phpH3IcTt1470197977.png.592x432.jpg
/loupan/p_hdgjgcblixy/,怀德国际广场,//image1.ljcdn.com/newhcms/phpH3IcTt1470197977.png.592x432.jpg
/loupan/p_zlyjgcblgll/,中粮云景广场,//image1.ljcdn.com/newhcms/phpH3IcTt1470197977.png.592x432.jpg
/loupan/p_blzsysjbmsij/,保利招商雍山郡,//image1.ljcdn.com/newhcms/phpH3IcTt1470197977.png.592x432.jpg
/loupan/p_syssdcbmsik/,深业山水东城花园,//image1.ljcdn.com/newhcms/phpH3IcTt1470197977.png.592x432.jpg
/loupan/p_shyjhybmsil/,蔚蓝左岸花园,//image1.ljcdn.com/newhcms/phpH3IcTt1470197977.png.592x432.jpg
/loupan/p_sdgcbmsim/,仕达广场,//image1.ljcdn.com/newhcms/phpH3IcTt1470197977.png.592x432.jpg
/loupan/p_ccqybmsio/,传承启元,//image1.ljcdn.com/newhcms/phpH3IcTt1470197977.png.592x432.jpg
/loupan/p_hhgcbmsip/,翰华广场,//image1.ljcdn.com/newhcms/phpH3IcTt1470197977.png.592x432.jpg
/loupan/p_xbhxyxbmsiq/,新保辉香悦轩,//image1.ljcdn.com/newhcms/phpH3IcTt1470197977.png.592x432.jpg
/loupan/p_chwsgjbmsle/,承翰湾尚国际,//image1.ljcdn.com/newhcms/phpH3IcTt1470197977.png.592x432.jpg
/loupan/p_wkjyxfbmsmf/,万科金域学府,//image1.ljcdn.com/newhcms/phpH3IcTt1470197977.png.592x432.jpg
/loupan/p_blzslybmsom/,保利招商龙誉,//image1.ljcdn.com/newhcms/phpH3IcTt1470197977.png.592x432.jpg
/loupan/p_zqwlcbmson/,正奇未来城,//image1.ljcdn.com/newhcms/phpH3IcTt1470197977.png.592x432.jpg
/loupan/p_hdjhybmsoo/,河东骏濠园,//image1.ljcdn.com/newhcms/phpH3IcTt1470197977.png.592x432.jpg
/loupan/p_sysjsgbmsop/,深业世纪山谷,//image1.ljcdn.com/newhcms/phpH3IcTt1470197977.png.592x432.jpg
/loupan/p_szntkjzxbmsos/,深圳南太科技中心,//image1.ljcdn.com/newhcms/phpH3IcTt1470197977.png.592x432.jpg
/loupan/p_jxhyhyjbmspo/,吉祥花园,//image1.ljcdn.com/newhcms/phpH3IcTt1470197977.png.592x432.jpg
/loupan/p_jxhyhyjbmspp/,吉祥花园,//image1.ljcdn.com/newhcms/phpH3IcTt1470197977.png.592x432.jpg
/loupan/p_jxgyyhbmspq/,锦绣公园壹号,//image1.ljcdn.com/newhcms/phpH3IcTt1470197977.png.592x432.jpg
/loupan/p_tfxysjybmspt/,特发·香阅四季,//image1.ljcdn.com/newhcms/phpH3IcTt1470197977.png.592x432.jpg
/loupan/p_fhghlfbmspu/,海峦坊,//image1.ljcdn.com/newhcms/phpH3IcTt1470197977.png.592x432.jpg
/loupan/p_yczwyjybmspv/,颐城瑧湾悦家园,//image1.ljcdn.com/newhcms/phpH3IcTt1470197977.png.592x432.jpg
/loupan/p_zhwhlbmpyn/,中海闻华里,//image1.ljcdn.com/newhcms/phpH3IcTt1470197977.png.592x432.jpg
/loupan/p_hylcgyltbmpyo/,汇银绿城桂语兰庭,//image1.ljcdn.com/newhcms/phpH3IcTt1470197977.png.592x432.jpg
/loupan/p_zhxslbmpyp/,中海学仕里,//image1.ljcdn.com/newhcms/phpH3IcTt1470197977.png.592x432.jpg
/loupan/p_zhgybmpyq/,中海观园,//image1.ljcdn.com/newhcms/phpH3IcTt1470197977.png.592x432.jpg
/loupan/p_lfysjbmpyr/,联发悦尚居,//image1.ljcdn.com/newhcms/phpH3IcTt1470197977.png.592x432.jpg
/loupan/p_hfyyhybmpys/,宏发悦云花园,//image1.ljcdn.com/newhcms/phpH3IcTt1470197977.png.592x432.jpg
/loupan/p_hrlhybmpzj/,花润里花园,//image1.ljcdn.com/newhcms/phpH3IcTt1470197977.png.592x432.jpg
/loupan/p_sfgmlbmpzk/,深房光明里,//image1.ljcdn.com/newhcms/phpH3IcTt1470197977.png.592x432.jpg
/loupan/p_xhsddsbmqgv/,星河时代大厦,//image1.ljcdn.com/newhcms/phpH3IcTt1470197977.png.592x432.jpg
/loupan/p_dzhhqjmgcbmqiq/,大中华环球经贸广场,//image1.ljcdn.com/newhcms/phpH3IcTt1470197977.png.592x432.jpg
/loupan/p_zfyfbmqno/,圳发云府,//image1.ljcdn.com/newhcms/phpH3IcTt1470197977.png.592x432.jpg
/loupan/p_yccxbdkbmqpb/,粤海城,//image1.ljcdn.com/newhcms/phpH3IcTt1470197977.png.592x432.jpg
/loupan/p_cxsddsblize/,创信时代大厦,//image1.ljcdn.com/newhcms/phpH3IcTt1470197977.png.592x432.jpg
/loupan/p_zyhyfbmqpx/,卓越和奕府,//image1.ljcdn.com/newhcms/phpH3IcTt1470197977.png.592x432.jpg
/loupan/p_xcylhmhybmqwd/,新城燕澜和鸣花园,//image1.ljcdn.com/newhcms/phpH3IcTt1470197977.png.592x432.jpg
/loupan/p_xhtdggbmriw/,SPARK星寓,//image1.ljcdn.com/newhcms/phpH3IcTt1470197977.png.592x432.jpg
/loupan/p_lmsxysjybmrln/,莱蒙水榭云上家园,//image1.ljcdn.com/newhcms/phpH3IcTt1470197977.png.592x432.jpg
/loupan/p_zlftdygcbmrlr/,中粮·福田大悦广场,//image1.ljcdn.com/newhcms/phpH3IcTt1470197977.png.592x432.jpg
/loupan/p_rysjcqblizp/,融悦大厦,//image1.ljcdn.com/newhcms/phpH3IcTt1470197977.png.592x432.jpg
/loupan/p_bdygbljdj/,宝德云谷大厦,//image1.ljcdn.com/newhcms/phpH3IcTt1470197977.png.592x432.jpg
/loupan/p_hryqhjrzxyqbljhh/,前海鸿荣源中心,//image1.ljcdn.com/newhcms/phpH3IcTt1470197977.png.592x432.jpg
/loupan/p_tlllgjytbljho/,龙光玖悦台,//image1.ljcdn.com/newhcms/phpH3IcTt1470197977.png.592x432.jpg
/loupan/p_rhmgybljie/,仁恒梦公园,//image1.ljcdn.com/newhcms/phpH3IcTt1470197977.png.592x432.jpg
/loupan/p_zznlybmeaq/,中洲南麓院,//image1.ljcdn.com/newhcms/phpH3IcTt1470197977.png.592x432.jpg
/loupan/p_shggbmrze/,山海公馆,//image1.ljcdn.com/newhcms/phpH3IcTt1470197977.png.592x432.jpg
/loupan/p_blmylahybmsig/,保利明玥澜岸花园,//image1.ljcdn.com/newhcms/phpH3IcTt1470197977.png.592x432.jpg
/loupan/p_jdhyfbmsii/,京地海樾府,//image1.ljcdn.com/newhcms/phpH3IcTt1470197977.png.592x432.jpg
/loupan/p_hfqaxcsjfjlqbmgvm/,华发琴澳新城四季峰景六期,//image1.ljcdn.com/newhcms/phpH3IcTt1470197977.png.592x432.jpg
/loupan/p_yjlwjyhbmhkp/,雅居乐·湾际壹号,//image1.ljcdn.com/newhcms/phpH3IcTt1470197977.png.592x432.jpg
/loupan/p_tfmmhafmnc/,泰丰牧马湖,//image1.ljcdn.com/newhcms/phpH3IcTt1470197977.png.592x432.jpg
/loupan/p_qcdydbmtou/,勤诚达云邸,//image1.ljcdn.com/newhcms/phpH3IcTt1470197977.png.592x432.jpg
/loupan/p_tjywfbmufr/,天健悦湾府,//image1.ljcdn.com/newhcms/phpH3IcTt1470197977.png.592x432.jpg
/loupan/p_wkxtdbmufs/,万科星天地,//image1.ljcdn.com/newhcms/phpH3IcTt1470197977.png.592x432.jpg
/loupan/p_wkwlzgbmuft/,万科未来之光,//image1.ljcdn.com/newhcms/phpH3IcTt1470197977.png.592x432.jpg
/loupan/p_srdsbmufu/,深润大厦,//image1.ljcdn.com/newhcms/phpH3IcTt1470197977.png.592x432.jpg
/loupan/p_tyfbmufv/,京基天韵府,//image1.ljcdn.com/newhcms/phpH3IcTt1470197977.png.592x432.jpg
/loupan/p_bywbmunb/,柏悦湾,//image1.ljcdn.com/newhcms/phpH3IcTt1470197977.png.592x432.jpg
/loupan/p_mslsybmunc/,美盛岭尚苑,//image1.ljcdn.com/newhcms/phpH3IcTt1470197977.png.592x432.jpg
/loupan/p_bmgau/,金湾宝龙城二期,//image1.ljcdn.com/newhcms/phpH3IcTt1470197977.png.592x432.jpg
/loupan/p_zsxjybmunz/,招商玺家园,//image1.ljcdn.com/newhcms/phpH3IcTt1470197977.png.592x432.jpg
/loupan/p_swyytsfbmvfv/,深物业御棠上府,//image1.ljcdn.com/newhcms/phpH3IcTt1470197977.png.592x432.jpg
/loupan/p_rxfbmvfx/,润曦府,//image1.ljcdn.com/newhcms/phpH3IcTt1470197977.png.592x432.jpg
/loupan/p_yjtlfbmvhb/,御景天峦府,//image1.ljcdn.com/newhcms/phpH3IcTt1470197977.png.592x432.jpg
/loupan/p_cysjggbmvhg/,创意世纪公馆,//image1.ljcdn.com/newhcms/phpH3IcTt1470197977.png.592x432.jpg
/loupan/p_sjyybmvki/,仁恒公园世纪三期,//image1.ljcdn.com/newhcms/phpH3IcTt1470197977.png.592x432.jpg
/loupan/p_mjhtbnfos/,茂基华亭,//image1.ljcdn.com/newhcms/phpH3IcTt1470197977.png.592x432.jpg
/loupan/p_dfbyfbkrek/,东方铂悦府,//image1.ljcdn.com/newhcms/phpH3IcTt1470197977.png.592x432.jpg
/loupan/p_rhmdjybjovh/,仁和美地,//image1.ljcdn.com/newhcms/phpH3IcTt1470197977.png.592x432.jpg
/loupan/p_zszwfbmfzb/,招商臻湾府,//image1.ljcdn.com/newhcms/phpH3IcTt1470197977.png.592x432.jpg
/loupan/p_hfgchqh42dkbmvlt/,华发广场横琴荟（42地块）,//image1.ljcdn.com/newhcms/phpH3IcTt1470197977.png.592x432.jpg
/loupan/p_yjlmsdyhxzbjyhk/,雅居乐民森迪茵湖,//image1.ljcdn.com/newhcms/phpH3IcTt1470197977.png.592x432.jpg
/loupan/p_hxmybmfrq/,湖心明悦,//image1.ljcdn.com/newhcms/phpH3IcTt1470197977.png.592x432.jpg
/loupan/p_zsblcbmfwd/,中山宝龙城,//image1.ljcdn.com/newhcms/phpH3IcTt1470197977.png.592x432.jpg
/loupan/p_rhsjhybmxnj/,融湖盛景花园,//image1.ljcdn.com/newhcms/phpH3IcTt1470197977.png.592x432.jpg
/loupan/p_yczwyjybmspw/,颐城瑧湾悦家园,//image1.ljcdn.com/newhcms/phpH3IcTt1470197977.png.592x432.jpg
/loupan/p_gmygyqbmvsi/,光明云谷一期,//image1.ljcdn.com/newhcms/phpH3IcTt1470197977.png.592x432.jpg
/loupan/p_hqcjygcbmvsj/,华侨城九樾广场,//image1.ljcdn.com/newhcms/phpH3IcTt1470197977.png.592x432.jpg
/loupan/p_rhbhwbmppo/,仁恒滨海湾一期,//image1.ljcdn.com/newhcms/phpH3IcTt1470197977.png.592x432.jpg
/loupan/p_yyxgxyygcbmxtd/,远洋新干线远洋广场,//image1.ljcdn.com/newhcms/phpH3IcTt1470197977.png.592x432.jpg
/loupan/p_hlfbmxwh/,海峦坊,//image1.ljcdn.com/newhcms/phpH3IcTt1470197977.png.592x432.jpg
/loupan/p_jjyxgbmxwi/,京基云熙阁,//image1.ljcdn.com/newhcms/phpH3IcTt1470197977.png.592x432.jpg
/loupan/p_lfjzbmwjp/,领峰杰筑,//image1.ljcdn.com/newhcms/phpH3IcTt1470197977.png.592x432.jpg
/loupan/p_zsqhwbmspz/,招商前海湾,//image1.ljcdn.com/newhcms/phpH3IcTt1470197977.png.592x432.jpg
/loupan/p_yhzfbmsqb/,云海臻府,//image1.ljcdn.com/newhcms/phpH3IcTt1470197977.png.592x432.jpg
/loupan/p_wcfbmsui/,望辰府,//image1.ljcdn.com/newhcms/phpH3IcTt1470197977.png.592x432.jpg
/loupan/p_hdjhybmsuq/,河东骏濠园,//image1.ljcdn.com/newhcms/phpH3IcTt1470197977.png.592x432.jpg
/loupan/p_tzwhxbmsxt/,太子湾泓玺,//image1.ljcdn.com/newhcms/phpH3IcTt1470197977.png.592x432.jpg
/loupan/p_yccbdkbmtiy/,粤海城,//image1.ljcdn.com/newhcms/phpH3IcTt1470197977.png.592x432.jpg
/loupan/p_bjaynfdsbmvsk/,滨江爱义南方大厦,//image1.ljcdn.com/newhcms/phpH3IcTt1470197977.png.592x432.jpg
/loupan/p_ysybmvsm/,雲山院,//image1.ljcdn.com/newhcms/phpH3IcTt1470197977.png.592x432.jpg
/loupan/p_jkwxyhbmvsn/,金科·湾心壹号,//image1.ljcdn.com/newhcms/phpH3IcTt1470197977.png.592x432.jpg
/loupan/p_hqsdgcbmvsw/,华强时代广场,//image1.ljcdn.com/newhcms/phpH3IcTt1470197977.png.592x432.jpg
/loupan/p_cmzxbmxwj/,城脉中心,//image1.ljcdn.com/newhcms/phpH3IcTt1470197977.png.592x432.jpg
/loupan/p_jtyeqbmxwk/,金桃园二期,//image1.ljcdn.com/newhcms/phpH3IcTt1470197977.png.592x432.jpg
/loupan/p_hcxyhbmxwl/,华策玺悦汇,//image1.ljcdn.com/newhcms/phpH3IcTt1470197977.png.592x432.jpg
/loupan/p_pnsywbmxww/,彭年善玥湾,//image1.ljcdn.com/newhcms/phpH3IcTt1470197977.png.592x432.jpg
/loupan/p_stxfbmxwx/,深铁熙府,//image1.ljcdn.com/newhcms/phpH3IcTt1470197977.png.592x432.jpg
/loupan/p_stzsdsbmwlt/,顺泰中晟大厦,//image1.ljcdn.com/newhcms/phpH3IcTt1470197977.png.592x432.jpg
/loupan/p_stzsdsbmwlv/,顺泰中晟大厦,//image1.ljcdn.com/newhcms/phpH3IcTt1470197977.png.592x432.jpg
/loupan/p_stzsdsbmwlw/,顺泰中晟大厦,//image1.ljcdn.com/newhcms/phpH3IcTt1470197977.png.592x432.jpg
/loupan/p_syyhwbmwpf/,深业云海湾,//image1.ljcdn.com/newhcms/phpH3IcTt1470197977.png.592x432.jpg
/loupan/p_hqcshhtbmwqe/,华侨城四海华亭,//image1.ljcdn.com/newhcms/phpH3IcTt1470197977.png.592x432.jpg
/loupan/p_hqcshhtbmtji/,华侨城四海华亭,//image1.ljcdn.com/newhcms/phpH3IcTt1470197977.png.592x432.jpg
/loupan/p_cyhfbmtjk/,翠园华府,//image1.ljcdn.com/newhcms/phpH3IcTt1470197977.png.592x432.jpg
/loupan/p_hqcbcbmtjp/,华侨城宝辰,//image1.ljcdn.com/newhcms/phpH3IcTt1470197977.png.592x432.jpg
/loupan/p_jsxywbmtjq/,君胜熙玥湾,//image1.ljcdn.com/newhcms/phpH3IcTt1470197977.png.592x432.jpg
/loupan/p_hrzdwlcbmtka/,华润置地未来城,//image1.ljcdn.com/newhcms/phpH3IcTt1470197977.png.592x432.jpg
/loupan/p_stqhsdbmxwy/,深铁前海时代,//image1.ljcdn.com/newhcms/phpH3IcTt1470197977.png.592x432.jpg
/loupan/p_zhwhlbmybg/,中海闻华里,//image1.ljcdn.com/newhcms/phpH3IcTt1470197977.png.592x432.jpg
/loupan/p_wkqcbmyea/,万科启城,//image1.ljcdn.com/newhcms/phpH3IcTt1470197977.png.592x432.jpg
/loupan/p_ctkygcbmwra/,臣田开元广场,//image1.ljcdn.com/newhcms/phpH3IcTt1470197977.png.592x432.jpg
/loupan/p_xtssmybmwtl/,新天石厦铭苑,//image1.ljcdn.com/newhcms/phpH3IcTt1470197977.png.592x432.jpg
/loupan/p_mylwhybmwus/,美域蓝湾花园,//image1.ljcdn.com/newhcms/phpH3IcTt1470197977.png.592x432.jpg
/loupan/p_jhmtbmwut/,璟荟名庭,//image1.ljcdn.com/newhcms/phpH3IcTt1470197977.png.592x432.jpg
/loupan/p_prbsyjbmwws/,鹏瑞半山云璟,//image1.ljcdn.com/newhcms/phpH3IcTt1470197977.png.592x432.jpg
/loupan/p_fjylfbmxfk/,富基·云珑府,//image1.ljcdn.com/newhcms/phpH3IcTt1470197977.png.592x432.jpg
/loupan/p_dycsqbmtke/,中粮大悦城铂悦苑,//image1.ljcdn.com/newhcms/phpH3IcTt1470197977.png.592x432.jpg
/loupan/p_dycsqbmtkf/,中粮大悦城铂悦苑,//image1.ljcdn.com/newhcms/phpH3IcTt1470197977.png.592x432.jpg
/loupan/p_ylswzxbmtlp/,英龙尊滙,//image1.ljcdn.com/newhcms/phpH3IcTt1470197977.png.592x432.jpg
/loupan/p_zjgjhyswzxbmtls/,中集国际海洋商务中心,//image1.ljcdn.com/newhcms/phpH3IcTt1470197977.png.592x432.jpg
/loupan/p_ycfbmtmn/,御成府,//image1.ljcdn.com/newhcms/phpH3IcTt1470197977.png.592x432.jpg
/loupan/p_lajlbmyeb/,龙岸君粼,//image1.ljcdn.com/newhcms/phpH3IcTt1470197977.png.592x432.jpg
/loupan/p_zzyjbmyec/,臻著雅居,//image1.ljcdn.com/newhcms/phpH3IcTt1470197977.png.592x432.jpg
/loupan/p_zxxrhbmyed/,中信·信荣汇,//image1.ljcdn.com/newhcms/phpH3IcTt1470197977.png.592x432.jpg
/loupan/p_pnsywbmygv/,彭年善玥湾,//image1.ljcdn.com/newhcms/phpH3IcTt1470197977.png.592x432.jpg
/loupan/p_pgdwqyhbmxfo/,鹏广达湾区壹号广场,//image1.ljcdn.com/newhcms/phpH3IcTt1470197977.png.592x432.jpg
/loupan/p_hzfzbmxjt/,合正方洲,//image1.ljcdn.com/newhcms/phpH3IcTt1470197977.png.592x432.jpg
/loupan/p_jzyywfbmxju/,佳兆业云望府,//image1.ljcdn.com/newhcms/phpH3IcTt1470197977.png.592x432.jpg
/loupan/p_syscbmxjv/,深业上城,//image1.ljcdn.com/newhcms/phpH3IcTt1470197977.png.592x432.jpg
/loupan/p_zxjswbmtor/,中信·金沙湾,//image1.ljcdn.com/newhcms/phpH3IcTt1470197977.png.592x432.jpg
/loupan/p_lgccjrfbmtos/,龙光春城玖榕府,//image1.ljcdn.com/newhcms/phpH3IcTt1470197977.png.592x432.jpg
/loupan/p_tyhfbmtot/,天源华府,//image1.ljcdn.com/newhcms/phpH3IcTt1470197977.png.592x432.jpg
/loupan/p_tyfbmyhd/,天曜府,//image1.ljcdn.com/newhcms/phpH3IcTt1470197977.png.592x432.jpg
/loupan/p_ycwzbmykb/,艺城湾樽,//image1.ljcdn.com/newhcms/phpH3IcTt1470197977.png.592x432.jpg
/loupan/p_xsjybmykd/,溪山君樾,//image1.ljcdn.com/newhcms/phpH3IcTt1470197977.png.592x432.jpg
/loupan/p_syyyfbmykf/,深业颐樾府,//image1.ljcdn.com/newhcms/phpH3IcTt1470197977.png.592x432.jpg
/loupan/p_dycsqbmxjx/,大悦城三期,//image1.ljcdn.com/newhcms/phpH3IcTt1470197977.png.592x432.jpg
/loupan/p_lajlbmxjy/,龙岸君粼,//image1.ljcdn.com/newhcms/phpH3IcTt1470197977.png.592x432.jpg
/loupan/p_jxzxbmxkm/,金信中心,//image1.ljcdn.com/newhcms/phpH3IcTt1470197977.png.592x432.jpg
/loupan/p_jxzxbmxkn/,金信中心,//image1.ljcdn.com/newhcms/phpH3IcTt1470197977.png.592x432.jpg
/loupan/p_syhtlhybmyvo/,深业鹤塘岭花园,//image1.ljcdn.com/newhcms/phpH3IcTt1470197977.png.592x432.jpg
/loupan/p_yxryfbmyxw/,越秀·瑞樾府,//image1.ljcdn.com/newhcms/phpH3IcTt1470197977.png.592x432.jpg
/loupan/p_zyhyfbmyzb/,卓越和奕府二期,//image1.ljcdn.com/newhcms/phpH3IcTt1470197977.png.592x432.jpg
/loupan/p_lhytbmyzl/,合正观澜汇三期,//image1.ljcdn.com/newhcms/phpH3IcTt1470197977.png.592x432.jpg
/loupan/p_tjhyfbmyzm/,天健和悦府,//image1.ljcdn.com/newhcms/phpH3IcTt1470197977.png.592x432.jpg
/loupan/p_zyrfbmyzn/,紫樾润府,//image1.ljcdn.com/newhcms/phpH3IcTt1470197977.png.592x432.jpg
/loupan/p_mjshlbmzar/,名居·山河里,//image1.ljcdn.com/newhcms/phpH3IcTt1470197977.png.592x432.jpg
/loupan/p_yswhybmzbn/,天湖岛花园,//image1.ljcdn.com/newhcms/phpH3IcTt1470197977.png.592x432.jpg
/loupan/p_yxcyfbmzbo/,越秀潮樾府,//image1.ljcdn.com/newhcms/phpH3IcTt1470197977.png.592x432.jpg
/loupan/p_styyjgcbmzcf/,深铁阅云境广场,//image1.ljcdn.com/newhcms/phpH3IcTt1470197977.png.592x432.jpg
/loupan/p_hzwyjhybmzcg/,会展湾雍境花园,//image1.ljcdn.com/newhcms/phpH3IcTt1470197977.png.592x432.jpg
/loupan/p_xchybmzeu/,深圳前海·华发冰雪世界丨华发新城,//image1.ljcdn.com/newhcms/phpH3IcTt1470197977.png.592x432.jpg
/loupan/p_jdhwcbmzgf/,金地环湾城,//image1.ljcdn.com/newhcms/phpH3IcTt1470197977.png.592x432.jpg
/loupan/p_jdhwcbmzgg/,金地环湾城,//image1.ljcdn.com/newhcms/phpH3IcTt1470197977.png.592x432.jpg
/loupan/p_hdyeqbmzhp/,鸿桥世纪名园,//image1.ljcdn.com/newhcms/phpH3IcTt1470197977.png.592x432.jpg
/loupan/p_wfhacbmzhy/,万丰海岸城,//image1.ljcdn.com/newhcms/phpH3IcTt1470197977.png.592x432.jpg
/loupan/p_lyljybmzli/,中海珑悦理,//image1.ljcdn.com/newhcms/phpH3IcTt1470197977.png.592x432.jpg
/loupan/p_tlggbmzlj/,同乐公馆,//image1.ljcdn.com/newhcms/phpH3IcTt1470197977.png.592x432.jpg
/loupan/p_ajftybmzsa/,安居凤桐苑,//image1.ljcdn.com/newhcms/phpH3IcTt1470197977.png.592x432.jpg
/loupan/p_ajylybmzsb/,安居玥龙苑,//image1.ljcdn.com/newhcms/phpH3IcTt1470197977.png.592x432.jpg
/loupan/p_yrfdsbmzsc/,盈峰前海中心,//image1.ljcdn.com/newhcms/phpH3IcTt1470197977.png.592x432.jpg
/loupan/p_hdzyhybmzsd/,恒地尊悦花园,//image1.ljcdn.com/newhcms/phpH3IcTt1470197977.png.592x432.jpg
/loupan/p_hfyjqhjfbmzsf/,悦见锦府,//image1.ljcdn.com/newhcms/phpH3IcTt1470197977.png.592x432.jpg
/loupan/p_zhlbmzsk/,昭华里,//image1.ljcdn.com/newhcms/phpH3IcTt1470197977.png.592x432.jpg
/loupan/p_zhlbmzsl/,昭华里,//image1.ljcdn.com/newhcms/phpH3IcTt1470197977.png.592x432.jpg
/loupan/p_zymtyyfbmzud/,卓越闽泰星奕府,//image1.ljcdn.com/newhcms/phpH3IcTt1470197977.png.592x432.jpg
/loupan/p_tfgybmzun/,泰福公寓,//image1.ljcdn.com/newhcms/phpH3IcTt1470197977.png.592x432.jpg
/loupan/p_ajypbmzxw/,安居云畔,//image1.ljcdn.com/newhcms/phpH3IcTt1470197977.png.592x432.jpg
/loupan/p_ajfhgbmzxx/,安居福汇阁,//image1.ljcdn.com/newhcms/phpH3IcTt1470197977.png.592x432.jpg
/loupan/p_xhlfbmzxz/,星河珑府,//image1.ljcdn.com/newhcms/phpH3IcTt1470197977.png.592x432.jpg
/loupan/p_ajhqtbmzyc/,安居鸿栖台,//image1.ljcdn.com/newhcms/phpH3IcTt1470197977.png.592x432.jpg
/loupan/p_ajfjybmzye/,安居峰景苑,//image1.ljcdn.com/newhcms/phpH3IcTt1470197977.png.592x432.jpg
/loupan/p_ajtlxybmzyg/,安居同乐馨苑,//image1.ljcdn.com/newhcms/phpH3IcTt1470197977.png.592x432.jpg
/loupan/p_ajtlxybmzyh/,安居同乐馨苑,//image1.ljcdn.com/newhcms/phpH3IcTt1470197977.png.592x432.jpg
/loupan/p_hrxwbmzyj/,和荣家园,//image1.ljcdn.com/newhcms/phpH3IcTt1470197977.png.592x432.jpg
/loupan/p_bljafbmzym/,静安府,//image1.ljcdn.com/newhcms/phpH3IcTt1470197977.png.592x432.jpg
/loupan/p_bjaynfdsbnacx/,滨江爱义南方大厦,//image1.ljcdn.com/newhcms/phpH3IcTt1470197977.png.592x432.jpg
/loupan/p_zzyxhybnaff/,中洲迎玺花园,//image1.ljcdn.com/newhcms/phpH3IcTt1470197977.png.592x432.jpg
/loupan/p_strzgcbnafg/,深铁睿著广场,//image1.ljcdn.com/newhcms/phpH3IcTt1470197977.png.592x432.jpg
/loupan/p_tzyhfbnafh/,天泽玉河府,//image1.ljcdn.com/newhcms/phpH3IcTt1470197977.png.592x432.jpg
/loupan/p_cjdsbnafu/,城建大厦,//image1.ljcdn.com/newhcms/phpH3IcTt1470197977.png.592x432.jpg
/loupan/p_cjytcxjrzbjdbnafv/,城建云投创新金融总部基地,//image1.ljcdn.com/newhcms/phpH3IcTt1470197977.png.592x432.jpg
/loupan/p_strzgcbnagj/,深铁睿著广场,//image1.ljcdn.com/newhcms/phpH3IcTt1470197977.png.592x432.jpg
/loupan/p_zhsgjhybnagm/,中海时光境花园,//image1.ljcdn.com/newhcms/phpH3IcTt1470197977.png.592x432.jpg
/loupan/p_ywzdbnaoc/,一湾臻邸,//image1.ljcdn.com/newhcms/phpH3IcTt1470197977.png.592x432.jpg
/loupan/p_ghhlhbnaod/,岗宏翰林汇,//image1.ljcdn.com/newhcms/phpH3IcTt1470197977.png.592x432.jpg
/loupan/p_blzslybnaqp/,保利招商龙誉二期,//image1.ljcdn.com/newhcms/phpH3IcTt1470197977.png.592x432.jpg
/loupan/p_hfyjgylbnatj/,宏发悦见公园里,//image1.ljcdn.com/newhcms/phpH3IcTt1470197977.png.592x432.jpg
/loupan/p_jxsdgcbnatk/,锦绣时代广场,//image1.ljcdn.com/newhcms/phpH3IcTt1470197977.png.592x432.jpg
/loupan/p_zhjybnatl/,紫和嘉园,//image1.ljcdn.com/newhcms/phpH3IcTt1470197977.png.592x432.jpg
/loupan/p_dyfbnatm/,德懿府,//image1.ljcdn.com/newhcms/phpH3IcTt1470197977.png.592x432.jpg
/loupan/p_sytrfbnatn/,泰瑞府,//image1.ljcdn.com/newhcms/phpH3IcTt1470197977.png.592x432.jpg
/loupan/p_thnybnavn/,天和南苑,//image1.ljcdn.com/newhcms/phpH3IcTt1470197977.png.592x432.jpg
/loupan/p_thbybnavw/,天和北苑,//image1.ljcdn.com/newhcms/phpH3IcTt1470197977.png.592x432.jpg
/loupan/p_jlhybnazs/,君临海域,//image1.ljcdn.com/newhcms/phpH3IcTt1470197977.png.592x432.jpg
/loupan/p_kyfbnazu/,开云府,//image1.ljcdn.com/newhcms/phpH3IcTt1470197977.png.592x432.jpg
/loupan/p_yytqbnbae/,远洋天祺,//image1.ljcdn.com/newhcms/phpH3IcTt1470197977.png.592x432.jpg
/loupan/p_cjfjybnbah/,峰璟苑,//image1.ljcdn.com/newhcms/phpH3IcTt1470197977.png.592x432.jpg
/loupan/p_xmsjhfbnbas/,小梅沙·觐海府,//image1.ljcdn.com/newhcms/phpH3IcTt1470197977.png.592x432.jpg
/loupan/p_jjdbsdbnbbs/,京基东滨时代,//image1.ljcdn.com/newhcms/phpH3IcTt1470197977.png.592x432.jpg
/loupan/p_kyfbnbie/,开云府,//image1.ljcdn.com/newhcms/phpH3IcTt1470197977.png.592x432.jpg
/loupan/p_hqcbcbnbig/,华侨城宝辰,//image1.ljcdn.com/newhcms/phpH3IcTt1470197977.png.592x432.jpg
/loupan/p_xhxyydbnbim/,星河星悦云邸,//image1.ljcdn.com/newhcms/phpH3IcTt1470197977.png.592x432.jpg
/loupan/p_shzdbnbin/,四海臻邸,//image1.ljcdn.com/newhcms/phpH3IcTt1470197977.png.592x432.jpg
/loupan/p_rhszybnbly/,仁恒深之源,//image1.ljcdn.com/newhcms/phpH3IcTt1470197977.png.592x432.jpg
/loupan/p_jjdbsdbnbnt/,京基东滨时代,//image1.ljcdn.com/newhcms/phpH3IcTt1470197977.png.592x432.jpg
/loupan/p_tjhrfbnbnv/,天健和瑞府,//image1.ljcdn.com/newhcms/phpH3IcTt1470197977.png.592x432.jpg
/loupan/p_hzwfyzbnbta/,合正湾府原著,//image1.ljcdn.com/newhcms/phpH3IcTt1470197977.png.592x432.jpg
/loupan/p_syslybnbtb/,深业上林苑,//image1.ljcdn.com/newhcms/phpH3IcTt1470197977.png.592x432.jpg
/loupan/p_Klfgcbnbto/,K立方广场,//image1.ljcdn.com/newhcms/phpH3IcTt1470197977.png.592x432.jpg
/loupan/p_zybyfbncam/,卓越柏奕府,//image1.ljcdn.com/newhcms/phpH3IcTt1470197977.png.592x432.jpg
/loupan/p_qhrxbncap/,前海瑞玺,//image1.ljcdn.com/newhcms/phpH3IcTt1470197977.png.592x432.jpg
/loupan/p_hrchzyfbncaq/,华润超核紫云府,//image1.ljcdn.com/newhcms/phpH3IcTt1470197977.png.592x432.jpg
/loupan/p_djmypzhybncip/,电建洺悦鹏著花园,//image1.ljcdn.com/newhcms/phpH3IcTt1470197977.png.592x432.jpg
/loupan/p_lhxxqyqbndie/,龙湖星玺青云阙,//image1.ljcdn.com/newhcms/phpH3IcTt1470197977.png.592x432.jpg
/loupan/p_hrytjbnciq/,鸿荣源天俊,//image1.ljcdn.com/newhcms/phpH3IcTt1470197977.png.592x432.jpg
/loupan/p_zsyyfbncis/,招商雍云府,//image1.ljcdn.com/newhcms/phpH3IcTt1470197977.png.592x432.jpg
/loupan/p_tcbncit/,佳园-天宸,//image1.ljcdn.com/newhcms/phpH3IcTt1470197977.png.592x432.jpg
/loupan/p_ryfbnciu/,润曜府,//image1.ljcdn.com/newhcms/phpH3IcTt1470197977.png.592x432.jpg
/loupan/p_qhzxbndiq/,前海瑧玺,//image1.ljcdn.com/newhcms/phpH3IcTt1470197977.png.592x432.jpg
/loupan/p_mjhjshfbndir/,满京华金硕华府,//image1.ljcdn.com/newhcms/phpH3IcTt1470197977.png.592x432.jpg
/loupan/p_lhyhjbndit/,龙湖御湖境,//image1.ljcdn.com/newhcms/phpH3IcTt1470197977.png.592x432.jpg
/loupan/p_bdygdsbndrt/,宝德云谷大厦,//image1.ljcdn.com/newhcms/phpH3IcTt1470197977.png.592x432.jpg
/loupan/p_stqhsdbndru/,深铁前海时代,//image1.ljcdn.com/newhcms/phpH3IcTt1470197977.png.592x432.jpg
/loupan/p_xcjxfbndrx/,信城缙学府,//image1.ljcdn.com/newhcms/phpH3IcTt1470197977.png.592x432.jpg
/loupan/p_zjqhgjzxbncjq/,中集前海国际中心,//image1.ljcdn.com/newhcms/phpH3IcTt1470197977.png.592x432.jpg
/loupan/p_zysyjybnciv/,卓越晟悦家园,//image1.ljcdn.com/newhcms/phpH3IcTt1470197977.png.592x432.jpg
/loupan/p_hryjyfbncix/,鸿荣源珈誉府,//image1.ljcdn.com/newhcms/phpH3IcTt1470197977.png.592x432.jpg
/loupan/p_gldszgbndyy/,共联都市智谷,//image1.ljcdn.com/newhcms/phpH3IcTt1470197977.png.592x432.jpg
/loupan/p_hayfbneko/,海岸悦府,//image1.ljcdn.com/newhcms/phpH3IcTt1470197977.png.592x432.jpg
/loupan/p_hlhfbnekp/,海乐华府,//image1.ljcdn.com/newhcms/phpH3IcTt1470197977.png.592x432.jpg
/loupan/p_jdfjyfbnekw/,金地峰境誉府,//image1.ljcdn.com/newhcms/phpH3IcTt1470197977.png.592x432.jpg
/loupan/p_ajhylybnekx/,安居华越龙苑,//image1.ljcdn.com/newhcms/phpH3IcTt1470197977.png.592x432.jpg
/loupan/p_zhhysdhybncnt/,中海寰宇时代花园,//image1.ljcdn.com/newhcms/phpH3IcTt1470197977.png.592x432.jpg
/loupan/p_ggllfgcbncnu/,乐府广场,//image1.ljcdn.com/newhcms/phpH3IcTt1470197977.png.592x432.jpg
/loupan/p_cjychbncod/,城建云宸汇,//image1.ljcdn.com/newhcms/phpH3IcTt1470197977.png.592x432.jpg
/loupan/p_tfxflybncos/,特发学府朗园,//image1.ljcdn.com/newhcms/phpH3IcTt1470197977.png.592x432.jpg
/loupan/p_ljsyfbncot/,绿景尚悦府,//image1.ljcdn.com/newhcms/phpH3IcTt1470197977.png.592x432.jpg
/loupan/p_jjyjhdbncpp/,御景荟都,//image1.ljcdn.com/newhcms/phpH3IcTt1470197977.png.592x432.jpg
/loupan/p_jzyshggbncre/,金众云山海公馆,//image1.ljcdn.com/newhcms/phpH3IcTt1470197977.png.592x432.jpg
/loupan/p_syyrfbnelq/,深业颐瑞府,//image1.ljcdn.com/newhcms/phpH3IcTt1470197977.png.592x432.jpg
/loupan/p_xcjxybnela/,信城缙熙园,//image1.ljcdn.com/newhcms/phpH3IcTt1470197977.png.592x432.jpg
/loupan/p_xhkskhqsyzxbnelc/,星河开市客环球商业中心,//image1.ljcdn.com/newhcms/phpH3IcTt1470197977.png.592x432.jpg
/loupan/p_gttsbnele/,港铁天颂,//image1.ljcdn.com/newhcms/phpH3IcTt1470197977.png.592x432.jpg
/loupan/p_ajjxgbnell/,安居景贤阁,//image1.ljcdn.com/newhcms/phpH3IcTt1470197977.png.592x432.jpg
/loupan/p_ajjlwfbnelm/,安居君兰湾府,//image1.ljcdn.com/newhcms/phpH3IcTt1470197977.png.592x432.jpg
/loupan/p_ajzhybneln/,安居梓和苑,//image1.ljcdn.com/newhcms/phpH3IcTt1470197977.png.592x432.jpg
/loupan/p_ajthybnelo/,安居泰和苑,//image1.ljcdn.com/newhcms/phpH3IcTt1470197977.png.592x432.jpg
/loupan/p_sycnybncrl/,拾悦城楠园,//image1.ljcdn.com/newhcms/phpH3IcTt1470197977.png.592x432.jpg
/loupan/p_hrysybnczm/,鸿荣源尚云,//image1.ljcdn.com/newhcms/phpH3IcTt1470197977.png.592x432.jpg
/loupan/p_zhhysdhybndbu/,中海寰宇时代花园,//image1.ljcdn.com/newhcms/phpH3IcTt1470197977.png.592x432.jpg
/loupan/p_smycbndgl/,松茂御城,//image1.ljcdn.com/newhcms/phpH3IcTt1470197977.png.592x432.jpg
/loupan/p_sgjhnszgbndgo/,深国际华南数字谷,//image1.ljcdn.com/newhcms/phpH3IcTt1470197977.png.592x432.jpg
/loupan/p_xsjybndgr/,溪山君樾,//image1.ljcdn.com/newhcms/phpH3IcTt1470197977.png.592x432.jpg
/loupan/p_tzwrxbnelr/,太子湾瑞玺,//image1.ljcdn.com/newhcms/phpH3IcTt1470197977.png.592x432.jpg
/loupan/p_fwhybnels/,帆湾海寓,//image1.ljcdn.com/newhcms/phpH3IcTt1470197977.png.592x432.jpg
/loupan/p_yxggbnemf/,云禧公馆,//image1.ljcdn.com/newhcms/phpH3IcTt1470197977.png.592x432.jpg
/loupan/p_shggbnemn/,京基智农山海尚寓,//image1.ljcdn.com/newhcms/phpH3IcTt1470197977.png.592x432.jpg
/loupan/p_xhlfbnens/,星河珑御,//image1.ljcdn.com/newhcms/phpH3IcTt1470197977.png.592x432.jpg
/loupan/p_tyfbngae/,檀悦府,//image1.ljcdn.com/newhcms/phpH3IcTt1470197977.png.592x432.jpg
/loupan/p_lyfbnelp/,珑逸府,//image1.ljcdn.com/newhcms/phpH3IcTt1470197977.png.592x432.jpg
/loupan/p_gshhybndgs/,岗厦汇花园,//image1.ljcdn.com/newhcms/phpH3IcTt1470197977.png.592x432.jpg
/loupan/p_xyjyshlhybndgu/,信义君御山汇珑花园,//image1.ljcdn.com/newhcms/phpH3IcTt1470197977.png.592x432.jpg
/loupan/p_qhjygcbndgv/,前海交易广场,//image1.ljcdn.com/newhcms/phpH3IcTt1470197977.png.592x432.jpg
/loupan/p_jdcffbndha/,金地宸峯府,//image1.ljcdn.com/newhcms/phpH3IcTt1470197977.png.592x432.jpg
/loupan/p_swylhsdbndhb/,深物业澜湖时代,//image1.ljcdn.com/newhcms/phpH3IcTt1470197977.png.592x432.jpg
/loupan/p_ycfbneuj/,御成府,//image1.ljcdn.com/newhcms/phpH3IcTt1470197977.png.592x432.jpg
/loupan/p_jsxywbneuk/,君胜熙玥湾,//image1.ljcdn.com/newhcms/phpH3IcTt1470197977.png.592x432.jpg
/loupan/p_hjlfbneul/,皇嘉珑府,//image1.ljcdn.com/newhcms/phpH3IcTt1470197977.png.592x432.jpg
/loupan/p_wcfbneum/,望辰府,//image1.ljcdn.com/newhcms/phpH3IcTt1470197977.png.592x432.jpg
/loupan/p_hsfbneun/,红山府,//image1.ljcdn.com/newhcms/phpH3IcTt1470197977.png.592x432.jpg
/loupan/p_zfhsybneuo/,众福雅苑,//image1.ljcdn.com/newhcms/phpH3IcTt1470197977.png.592x432.jpg
/loupan/p_jxctdsaaklw/,嘉兴春天大厦,//image1.ljcdn.com/newhcms/phpH3IcTt1470197977.png.592x432.jpg
/loupan/p_qcyhgcaeegw/,侨城一号广场,//image1.ljcdn.com/newhcms/phpH3IcTt1470197977.png.592x432.jpg
/loupan/p_hazxaaloh/,海岸中心,//image1.ljcdn.com/newhcms/phpH3IcTt1470197977.png.592x432.jpg
/loupan/p_sdgjaalou/,颂德国际,//image1.ljcdn.com/newhcms/phpH3IcTt1470197977.png.592x432.jpg
/loupan/p_lcxysafmnd/,里城玺樾山,//image1.ljcdn.com/newhcms/phpH3IcTt1470197977.png.592x432.jpg
/loupan/p_jlhyafmnj/,君临海域,//image1.ljcdn.com/newhcms/phpH3IcTt1470197977.png.592x432.jpg
/loupan/p_xsjxmsjjybndhd/,新世界香蜜四季家园,//image1.ljcdn.com/newhcms/phpH3IcTt1470197977.png.592x432.jpg
/loupan/p_thwtljbnevb/,泰华梧桐林居,//image1.ljcdn.com/newhcms/phpH3IcTt1470197977.png.592x432.jpg
/loupan/p_xhkccbnevd/,雪花科创城,//image1.ljcdn.com/newhcms/phpH3IcTt1470197977.png.592x432.jpg
/loupan/p_zlyzfhlbnfka/,中粮悦章凤凰里,//image1.ljcdn.com/newhcms/phpH3IcTt1470197977.png.592x432.jpg
/loupan/p_yphybnfod/,云璞花园,//image1.ljcdn.com/newhcms/phpH3IcTt1470197977.png.592x432.jpg
/loupan/p_ywfbnfoe/,壹湾府,//image1.ljcdn.com/newhcms/phpH3IcTt1470197977.png.592x432.jpg
/loupan/p_jlggbnfsg/,九龙公馆,//image1.ljcdn.com/newhcms/phpH3IcTt1470197977.png.592x432.jpg
/loupan/p_xbxvlfafmnv/,新宝轩V立方,//image1.ljcdn.com/newhcms/phpH3IcTt1470197977.png.592x432.jpg
/loupan/p_bsbhafmoc/,半山半海,//image1.ljcdn.com/newhcms/phpH3IcTt1470197977.png.592x432.jpg
/loupan/p_qcyhgcafrou/,侨城一号广场,//image1.ljcdn.com/newhcms/phpH3IcTt1470197977.png.592x432.jpg
/loupan/p_tsqhsyafrta/,唐商大厦,//image1.ljcdn.com/newhcms/phpH3IcTt1470197977.png.592x432.jpg
/loupan/p_szjdzxafrti/,深圳金地中心,//image1.ljcdn.com/newhcms/phpH3IcTt1470197977.png.592x432.jpg
/loupan/p_jghfhjlbnfzz/,金光华凤凰九里,//image1.ljcdn.com/newhcms/phpH3IcTt1470197977.png.592x432.jpg
/loupan/p_wcxdrfbngaa/,伟城贤德瑞府,//image1.ljcdn.com/newhcms/phpH3IcTt1470197977.png.592x432.jpg
/loupan/p_ctxyafsil/,长通熙园,//image1.ljcdn.com/newhcms/phpH3IcTt1470197977.png.592x432.jpg
/loupan/p_sydacaaupr/,三远大爱城,//image1.ljcdn.com/newhcms/phpH3IcTt1470197977.png.592x432.jpg
/loupan/p_ltssaazru/,隆腾盛世,//image1.ljcdn.com/newhcms/phpH3IcTt1470197977.png.592x432.jpg
/loupan/p_talcaazti/,天安珑城,//image1.ljcdn.com/newhcms/phpH3IcTt1470197977.png.592x432.jpg
/loupan/p_chgjcaaztq/,春晖国际城,//image1.ljcdn.com/newhcms/phpH3IcTt1470197977.png.592x432.jpg
/loupan/p_zmxdcabbgx/,中铭新达城,//image1.ljcdn.com/newhcms/phpH3IcTt1470197977.png.592x432.jpg
/loupan/p_wkhsttabbrn/,五矿哈施塔特,//image1.ljcdn.com/newhcms/phpH3IcTt1470197977.png.592x432.jpg
/loupan/p_jzybhytabccb/,佳兆业碧海云天,//image1.ljcdn.com/newhcms/phpH3IcTt1470197977.png.592x432.jpg
